index,Date,Open,High,Low,Close,Volume,Dividends,Stock_Splits,Ticker,Published_Date,published_time_x,Created_At,group_name,published_at,author,url_x,Title,Description,content,published_time_y,id_y,title_y,Source,Summary,Url,Created_At.1,title_y_Sentiment_Score,content_Sentiment_Score,Combined_Description,Processed_Text,Sentiment_Score,Sentiment_Label,Published_Year,Published_Month,Published_Weekday,Published_Hour,Is_Weekend,Close_Lag1,Close_Lag2,MA_5,MA_10,MA_20,Price_Range,Daily_Return,Positive_Sentiment,Negative_Sentiment,SMA_50,EMA_50,Bollinger_Upper,Bollinger_Lower,RSI,high_low,high_close,low_close,TR,ATR,log_return,volatility,Prev Close,Price_Change,Target
143,2024-11-14 05:00:00,225.02000427246097,228.8699951171875,225.0,228.22000122070312,44923900.0,0.0,0.0,AAPL,2024-11-14,05:00:00,133.0,Apple,2024-11-14 14:00:30,Steve Dent,https://consent.yahoo.com/v2/collectConsent?sessionId=1_cc-session_382fd0a1-0279-4d6a-97b2-1dec92565fc4,Apple's AI-infused Final Cut Pro 11 is now available,"With its biggest update to Final Cut Pro (FCP) in years, Apple may be re-embracing the professional video creator crowd it has neglected since the launch of FCP X in 2011. The company finally unveiled its successor, Final Cut Pro 11 (FCP 11), an update that l…","If you click 'Accept all', we and our partners, including 237 who are part of the IAB Transparency &amp; Consent Framework, will also store and/or access information on a device (in other words, use … [+678 chars]",14:00:30,23.0,Billionaire Investor Warren Buffett Sold Apple Shares for a Fourth Straight Quarter. Should Investors Be Worried?,Motley Fool,"Although Buffett has been selling Apple stock, it has continued to rise in value this year.",https://www.fool.com/investing/2024/11/14/warren-buffett-sold-apple-shares-for-a-fourth/,2024-11-17 07:48:36.045229,0.2263,0.5423,"Apple's AI-infused Final Cut Pro 11 is now available Billionaire Investor Warren Buffett Sold Apple Shares for a Fourth Straight Quarter. Should Investors Be Worried? With its biggest update to Final Cut Pro (FCP) in years, Apple may be re-embracing the professional video creator crowd it has neglected since the launch of FCP X in 2011. The company finally unveiled its successor, Final Cut Pro 11 (FCP 11), an update that l… Although Buffett has been selling Apple stock, it has continued to rise in value this year. If you click 'Accept all', we and our partners, including 237 who are part of the IAB Transparency &amp; Consent Framework, will also store and/or access information on a device (in other words, use … [+678 chars]",apple final cut pro available billionaire investor warren buffett sold apple share fourth straight quarter investor worried biggest update final cut pro fcp year apple may professional video creator crowd neglected since launch fcp x company finally unveiled successor final cut pro fcp update although buffett selling apple stock continued rise value year click partner including part iab transparency amp consent framework also store access information device word use char,-0.3818,Negative,2024,11,3,5.0,0,228.22000122070312,228.22000122070312,228.22000122070312,227.2960006713867,225.93344650268557,3.8699951171875,0.0,0,1,229.0881655883789,228.64153255110995,233.87124255847382,224.30508861828397,74.45670743986327,3.8699951171875,0.649993896484375,3.220001220703125,3.8699951171875,3.701215898573929,0.0,0.0081321688299672,228.22000122070312,0.0,0
144,2024-11-14 05:00:00,225.02000427246097,228.8699951171875,225.0,228.22000122070312,44923900.0,0.0,0.0,AAPL,2024-11-14,05:00:00,133.0,Apple,2024-11-14 14:00:30,Steve Dent,https://consent.yahoo.com/v2/collectConsent?sessionId=1_cc-session_382fd0a1-0279-4d6a-97b2-1dec92565fc4,Apple's AI-infused Final Cut Pro 11 is now available,"With its biggest update to Final Cut Pro (FCP) in years, Apple may be re-embracing the professional video creator crowd it has neglected since the launch of FCP X in 2011. The company finally unveiled its successor, Final Cut Pro 11 (FCP 11), an update that l…","If you click 'Accept all', we and our partners, including 237 who are part of the IAB Transparency &amp; Consent Framework, will also store and/or access information on a device (in other words, use … [+678 chars]",14:00:30,24.0,"TSMC's $65B Investment In US Will Help Avoid Trade Imbalance, Says Taiwan Central Bank Governor As Trump Returns To White House - NVIDIA  ( NASDAQ:NVDA ) , Apple  ( NASDAQ:AAPL ) ",Benzinga,"Amid concerns over potential trade penalties from the U.S., Yang Chin-long, the governor of Taiwan's central bank, has voiced optimism for Taiwan Semiconductor Manufacturing Co.'s TSM upcoming $65 billion investment in U.S. factories.",https://www.benzinga.com/news/global/24/11/41972365/tsmcs-65b-investment-in-us-will-help-avoid-trade-imbalance-says-taiwan-central-bank-governor-as-trump,2024-11-17 07:48:36.045229,0.128,0.5423,"Apple's AI-infused Final Cut Pro 11 is now available TSMC's $65B Investment In US Will Help Avoid Trade Imbalance, Says Taiwan Central Bank Governor As Trump Returns To White House - NVIDIA  ( NASDAQ:NVDA ) , Apple  ( NASDAQ:AAPL )  With its biggest update to Final Cut Pro (FCP) in years, Apple may be re-embracing the professional video creator crowd it has neglected since the launch of FCP X in 2011. The company finally unveiled its successor, Final Cut Pro 11 (FCP 11), an update that l… Amid concerns over potential trade penalties from the U.S., Yang Chin-long, the governor of Taiwan's central bank, has voiced optimism for Taiwan Semiconductor Manufacturing Co.'s TSM upcoming $65 billion investment in U.S. factories. If you click 'Accept all', we and our partners, including 237 who are part of the IAB Transparency &amp; Consent Framework, will also store and/or access information on a device (in other words, use … [+678 chars]",apple final cut pro available tsmc investment u help avoid trade imbalance say taiwan central bank governor trump return white house nvidia nasdaq nvda apple nasdaq aapl biggest update final cut pro fcp year apple may professional video creator crowd neglected since launch fcp x company finally unveiled successor final cut pro fcp update amid concern potential trade penalty yang governor taiwan central bank voiced optimism taiwan semiconductor manufacturing tsm upcoming billion investment factory click partner including part iab transparency amp consent framework also store access information device word use char,-0.5994,Negative,2024,11,3,5.0,0,228.22000122070312,228.22000122070312,228.22000122070312,227.4220001220703,226.2561462402344,3.8699951171875,0.0,0,1,229.0424377441406,228.62500191070183,233.50155599121703,224.5833194970642,57.0815787922647,3.8699951171875,0.649993896484375,3.220001220703125,3.8699951171875,3.609477672065505,0.0,0.0059329722160143,228.22000122070312,0.0,0
145,2024-11-14 05:00:00,225.02000427246097,228.8699951171875,225.0,228.22000122070312,44923900.0,0.0,0.0,AAPL,2024-11-14,05:00:00,133.0,Apple,2024-11-14 14:00:30,Steve Dent,https://consent.yahoo.com/v2/collectConsent?sessionId=1_cc-session_382fd0a1-0279-4d6a-97b2-1dec92565fc4,Apple's AI-infused Final Cut Pro 11 is now available,"With its biggest update to Final Cut Pro (FCP) in years, Apple may be re-embracing the professional video creator crowd it has neglected since the launch of FCP X in 2011. The company finally unveiled its successor, Final Cut Pro 11 (FCP 11), an update that l…","If you click 'Accept all', we and our partners, including 237 who are part of the IAB Transparency &amp; Consent Framework, will also store and/or access information on a device (in other words, use … [+678 chars]",14:00:30,25.0,"Crypto Surge And AI Demand Highlight Potential Opportunity In Direxion's 2X Uranium ETF - Apple  ( NASDAQ:AAPL ) , Cameco  ( NYSE:CCJ ) ",Benzinga,"Following the election of Donald J. Trump to a second non-consecutive term, global capital markets have generally responded well to the news. However, one of the strongest beneficiaries of this electoral boost has been the cryptocurrency sector.",https://www.benzinga.com/trading-ideas/long-ideas/24/11/41967351/crypto-surge-and-ai-demand-highlight-potential-opportunity-in-direxions-2x-uranium-etf,2024-11-17 07:48:36.045229,0.5719,0.5423,"Apple's AI-infused Final Cut Pro 11 is now available Crypto Surge And AI Demand Highlight Potential Opportunity In Direxion's 2X Uranium ETF - Apple  ( NASDAQ:AAPL ) , Cameco  ( NYSE:CCJ )  With its biggest update to Final Cut Pro (FCP) in years, Apple may be re-embracing the professional video creator crowd it has neglected since the launch of FCP X in 2011. The company finally unveiled its successor, Final Cut Pro 11 (FCP 11), an update that l… Following the election of Donald J. Trump to a second non-consecutive term, global capital markets have generally responded well to the news. However, one of the strongest beneficiaries of this electoral boost has been the cryptocurrency sector. If you click 'Accept all', we and our partners, including 237 who are part of the IAB Transparency &amp; Consent Framework, will also store and/or access information on a device (in other words, use … [+678 chars]",apple final cut pro available crypto surge ai demand highlight potential opportunity direxion uranium etf apple nasdaq aapl cameco nyse ccj biggest update final cut pro fcp year apple may professional video creator crowd neglected since launch fcp x company finally unveiled successor final cut pro fcp update following election donald trump second term global capital market generally responded well news however one strongest beneficiary electoral boost cryptocurrency sector click partner including part iab transparency amp consent framework also store access information device word use char,0.8225,Positive,2024,11,3,5.0,0,228.22000122070312,228.22000122070312,228.22000122070312,227.8210006713867,226.506925201416,3.8699951171875,0.0,1,0,228.99670989990236,228.6091195307019,233.29441179748403,224.69900800232068,57.0815787922647,3.8699951171875,0.649993896484375,3.220001220703125,3.8699951171875,3.6497373319521182,0.0,0.0059329722160143,228.22000122070312,0.0,0
146,2024-11-14 05:00:00,225.02000427246097,228.8699951171875,225.0,228.22000122070312,44923900.0,0.0,0.0,AAPL,2024-11-14,05:00:00,133.0,Apple,2024-11-14 14:00:30,Steve Dent,https://consent.yahoo.com/v2/collectConsent?sessionId=1_cc-session_382fd0a1-0279-4d6a-97b2-1dec92565fc4,Apple's AI-infused Final Cut Pro 11 is now available,"With its biggest update to Final Cut Pro (FCP) in years, Apple may be re-embracing the professional video creator crowd it has neglected since the launch of FCP X in 2011. The company finally unveiled its successor, Final Cut Pro 11 (FCP 11), an update that l…","If you click 'Accept all', we and our partners, including 237 who are part of the IAB Transparency &amp; Consent Framework, will also store and/or access information on a device (in other words, use … [+678 chars]",14:00:30,26.0,Should iShares Russell 1000 ETF  ( IWB )  Be on Your Investing Radar?,Zacks Commentary,Style Box ETF report for ...,https://www.zacks.com/stock/news/2370122/should-ishares-russell-1000-etf-iwb-be-on-your-investing-radar,2024-11-17 07:48:36.045229,0.0,0.5423,"Apple's AI-infused Final Cut Pro 11 is now available Should iShares Russell 1000 ETF  ( IWB )  Be on Your Investing Radar? With its biggest update to Final Cut Pro (FCP) in years, Apple may be re-embracing the professional video creator crowd it has neglected since the launch of FCP X in 2011. The company finally unveiled its successor, Final Cut Pro 11 (FCP 11), an update that l… Style Box ETF report for ... If you click 'Accept all', we and our partners, including 237 who are part of the IAB Transparency &amp; Consent Framework, will also store and/or access information on a device (in other words, use … [+678 chars]",apple final cut pro available ishares russell etf iwb investing radar biggest update final cut pro fcp year apple may professional video creator crowd neglected since launch fcp x company finally unveiled successor final cut pro fcp update style box etf report click partner including part iab transparency amp consent framework also store access information device word use char,-0.7096,Negative,2024,11,3,5.0,0,228.22000122070312,228.22000122070312,228.22000122070312,228.22000122070312,226.7577041625977,3.8699951171875,0.0,0,1,228.95098205566407,228.5938599891333,233.01634143999726,224.88562267133088,57.0815787922647,3.8699951171875,0.649993896484375,3.220001220703125,3.8699951171875,3.689996991838732,0.0,0.0059329722160143,228.22000122070312,0.0,0
147,2024-11-14 05:00:00,225.02000427246097,228.8699951171875,225.0,228.22000122070312,44923900.0,0.0,0.0,AAPL,2024-11-14,05:00:00,133.0,Apple,2024-11-14 14:00:30,Steve Dent,https://consent.yahoo.com/v2/collectConsent?sessionId=1_cc-session_382fd0a1-0279-4d6a-97b2-1dec92565fc4,Apple's AI-infused Final Cut Pro 11 is now available,"With its biggest update to Final Cut Pro (FCP) in years, Apple may be re-embracing the professional video creator crowd it has neglected since the launch of FCP X in 2011. The company finally unveiled its successor, Final Cut Pro 11 (FCP 11), an update that l…","If you click 'Accept all', we and our partners, including 237 who are part of the IAB Transparency &amp; Consent Framework, will also store and/or access information on a device (in other words, use … [+678 chars]",14:00:30,27.0,"3 Vanguard ETFs to Buy With $1,000 and Hold Forever",Motley Fool,"Investing doesn't have to be complicated. Sure, you can research stocks in-depth and buy potential winners. Many investors do and make a lot of money over the long run. However, you can also take a much easier path.Exchange-traded funds ( ETFs ) offer a simple and convenient way to buy a broad ...",https://www.fool.com/investing/2024/11/14/3-vanguard-etfs-to-buy-with-1000-and-hold-forever/,2024-11-17 07:48:36.045229,0.0,0.5423,"Apple's AI-infused Final Cut Pro 11 is now available 3 Vanguard ETFs to Buy With $1,000 and Hold Forever With its biggest update to Final Cut Pro (FCP) in years, Apple may be re-embracing the professional video creator crowd it has neglected since the launch of FCP X in 2011. The company finally unveiled its successor, Final Cut Pro 11 (FCP 11), an update that l… Investing doesn't have to be complicated. Sure, you can research stocks in-depth and buy potential winners. Many investors do and make a lot of money over the long run. However, you can also take a much easier path.Exchange-traded funds ( ETFs ) offer a simple and convenient way to buy a broad ... If you click 'Accept all', we and our partners, including 237 who are part of the IAB Transparency &amp; Consent Framework, will also store and/or access information on a device (in other words, use … [+678 chars]",apple final cut pro available vanguard etf buy hold forever biggest update final cut pro fcp year apple may professional video creator crowd neglected since launch fcp x company finally unveiled successor final cut pro fcp update investing complicated sure research stock buy potential winner many investor make lot money long run however also take much easier fund etf offer simple convenient way buy broad click partner including part iab transparency amp consent framework also store access information device word use char,0.4588,Positive,2024,11,3,5.0,0,228.22000122070312,228.22000122070312,228.22000122070312,228.22000122070312,227.00848312377929,3.8699951171875,0.0,1,0,228.9090496826172,228.57919886095956,232.6579763972031,225.1601229680313,59.37493613803713,3.8699951171875,0.649993896484375,3.220001220703125,3.8699951171875,3.805710928780696,0.0,0.0059183502901065,228.22000122070312,0.0,0
148,2024-11-14 05:00:00,225.02000427246097,228.8699951171875,225.0,228.22000122070312,44923900.0,0.0,0.0,AAPL,2024-11-14,05:00:00,133.0,Apple,2024-11-14 14:00:30,Steve Dent,https://consent.yahoo.com/v2/collectConsent?sessionId=1_cc-session_382fd0a1-0279-4d6a-97b2-1dec92565fc4,Apple's AI-infused Final Cut Pro 11 is now available,"With its biggest update to Final Cut Pro (FCP) in years, Apple may be re-embracing the professional video creator crowd it has neglected since the launch of FCP X in 2011. The company finally unveiled its successor, Final Cut Pro 11 (FCP 11), an update that l…","If you click 'Accept all', we and our partners, including 237 who are part of the IAB Transparency &amp; Consent Framework, will also store and/or access information on a device (in other words, use … [+678 chars]",14:00:30,28.0,Warren Buffett Has Invested $2.9 Billion in Only 1 Stock This Year. Is It a No-Brainer Buy?,Motley Fool,Is Buffett's biggest bet of 2024 still worthy of a wager?,https://www.fool.com/investing/2024/11/14/warren-buffett-has-invested-29-billion-in-only-1-s/,2024-11-17 07:48:36.045229,0.0,0.5423,"Apple's AI-infused Final Cut Pro 11 is now available Warren Buffett Has Invested $2.9 Billion in Only 1 Stock This Year. Is It a No-Brainer Buy? With its biggest update to Final Cut Pro (FCP) in years, Apple may be re-embracing the professional video creator crowd it has neglected since the launch of FCP X in 2011. The company finally unveiled its successor, Final Cut Pro 11 (FCP 11), an update that l… Is Buffett's biggest bet of 2024 still worthy of a wager? If you click 'Accept all', we and our partners, including 237 who are part of the IAB Transparency &amp; Consent Framework, will also store and/or access information on a device (in other words, use … [+678 chars]",apple final cut pro available warren buffett invested billion stock year buy biggest update final cut pro fcp year apple may professional video creator crowd neglected since launch fcp x company finally unveiled successor final cut pro fcp update buffett biggest bet still worthy wager click partner including part iab transparency amp consent framework also store access information device word use char,-0.4588,Negative,2024,11,3,5.0,0,228.22000122070312,228.22000122070312,228.22000122070312,228.22000122070312,227.2592620849609,3.8699951171875,0.0,0,1,228.86711730957032,228.56511267898873,232.19159551872244,225.5426391004182,59.37493613803713,3.8699951171875,0.649993896484375,3.220001220703125,3.8699951171875,3.92142486572266,0.0,0.0059183502901065,228.22000122070312,0.0,0
149,2024-11-14 05:00:00,225.02000427246097,228.8699951171875,225.0,228.22000122070312,44923900.0,0.0,0.0,AAPL,2024-11-14,05:00:00,133.0,Apple,2024-11-14 14:00:30,Steve Dent,https://consent.yahoo.com/v2/collectConsent?sessionId=1_cc-session_382fd0a1-0279-4d6a-97b2-1dec92565fc4,Apple's AI-infused Final Cut Pro 11 is now available,"With its biggest update to Final Cut Pro (FCP) in years, Apple may be re-embracing the professional video creator crowd it has neglected since the launch of FCP X in 2011. The company finally unveiled its successor, Final Cut Pro 11 (FCP 11), an update that l…","If you click 'Accept all', we and our partners, including 237 who are part of the IAB Transparency &amp; Consent Framework, will also store and/or access information on a device (in other words, use … [+678 chars]",14:00:30,29.0,These 3 Dow Stocks Are Set to Soar in 2025 and Beyond,Motley Fool,"This year has been great for stocks, as indexes confirmed the presence of a bull market and then went on to reach multiple record highs. The Dow Jones Industrial Average, which includes 30 of the top large-cap stocks powering today's economy, roared past 40,000 for the first time ever and is now ...",https://www.fool.com/investing/2024/11/14/these-3-dow-stocks-are-set-to-soar-in-2025-beyond/,2024-11-17 07:48:36.045229,0.0,0.5423,"Apple's AI-infused Final Cut Pro 11 is now available These 3 Dow Stocks Are Set to Soar in 2025 and Beyond With its biggest update to Final Cut Pro (FCP) in years, Apple may be re-embracing the professional video creator crowd it has neglected since the launch of FCP X in 2011. The company finally unveiled its successor, Final Cut Pro 11 (FCP 11), an update that l… This year has been great for stocks, as indexes confirmed the presence of a bull market and then went on to reach multiple record highs. The Dow Jones Industrial Average, which includes 30 of the top large-cap stocks powering today's economy, roared past 40,000 for the first time ever and is now ... If you click 'Accept all', we and our partners, including 237 who are part of the IAB Transparency &amp; Consent Framework, will also store and/or access information on a device (in other words, use … [+678 chars]",apple final cut pro available dow stock set soar beyond biggest update final cut pro fcp year apple may professional video creator crowd neglected since launch fcp x company finally unveiled successor final cut pro fcp update year great stock index confirmed presence bull market went reach multiple record high dow jones industrial average includes top stock powering today economy roared past first time ever click partner including part iab transparency amp consent framework also store access information device word use char,0.0258,Neutral,2024,11,3,5.0,0,228.22000122070312,228.22000122070312,228.22000122070312,228.22000122070312,227.5465003967285,3.8699951171875,0.0,0,0,228.82518493652344,228.55157889631084,231.29110957006944,226.35926030297745,100.0,3.8699951171875,0.649993896484375,3.220001220703125,3.8699951171875,3.807852608816968,0.0,0.0047138975594513,228.22000122070312,0.0,0
150,2024-11-14 05:00:00,225.02000427246097,228.8699951171875,225.0,228.22000122070312,44923900.0,0.0,0.0,AAPL,2024-11-14,05:00:00,133.0,Apple,2024-11-14 14:00:30,Steve Dent,https://consent.yahoo.com/v2/collectConsent?sessionId=1_cc-session_382fd0a1-0279-4d6a-97b2-1dec92565fc4,Apple's AI-infused Final Cut Pro 11 is now available,"With its biggest update to Final Cut Pro (FCP) in years, Apple may be re-embracing the professional video creator crowd it has neglected since the launch of FCP X in 2011. The company finally unveiled its successor, Final Cut Pro 11 (FCP 11), an update that l…","If you click 'Accept all', we and our partners, including 237 who are part of the IAB Transparency &amp; Consent Framework, will also store and/or access information on a device (in other words, use … [+678 chars]",14:00:30,30.0,Apple Hit With $3.8B Legal Claim For Allegedly Breaking UK Competition Law With iCloud Service - Apple  ( NASDAQ:AAPL ) ,Benzinga,"Consumer group Which? has filed a £3 billion ( $3.81 billion ) legal claim against Apple Inc. AAPL, accusing the tech giant of breaching UK competition law through its iCloud service.",https://www.benzinga.com/news/global/24/11/41964915/apple-faces-legal-action-over-rip-off-icloud-charges-could-pay-out-38b-to-uk-customers,2024-11-17 07:48:36.045229,0.128,0.5423,"Apple's AI-infused Final Cut Pro 11 is now available Apple Hit With $3.8B Legal Claim For Allegedly Breaking UK Competition Law With iCloud Service - Apple  ( NASDAQ:AAPL )  With its biggest update to Final Cut Pro (FCP) in years, Apple may be re-embracing the professional video creator crowd it has neglected since the launch of FCP X in 2011. The company finally unveiled its successor, Final Cut Pro 11 (FCP 11), an update that l… Consumer group Which? has filed a £3 billion ( $3.81 billion ) legal claim against Apple Inc. AAPL, accusing the tech giant of breaching UK competition law through its iCloud service. If you click 'Accept all', we and our partners, including 237 who are part of the IAB Transparency &amp; Consent Framework, will also store and/or access information on a device (in other words, use … [+678 chars]",apple final cut pro available apple hit legal claim allegedly breaking uk competition law icloud service apple nasdaq aapl biggest update final cut pro fcp year apple may professional video creator crowd neglected since launch fcp x company finally unveiled successor final cut pro fcp update consumer group filed billion billion legal claim apple aapl accusing tech giant breaching uk competition law icloud service click partner including part iab transparency amp consent framework also store access information device word use char,-0.6808,Negative,2024,11,3,5.0,0,228.22000122070312,228.22000122070312,228.22000122070312,228.22000122070312,227.59600067138672,3.8699951171875,0.0,0,1,228.78325256347657,228.5385758502086,231.262138052754,226.30436707419912,100.0,3.8699951171875,0.649993896484375,3.220001220703125,3.8699951171875,3.924995422363284,0.0,0.0047138975594513,228.22000122070312,0.0,0
422,2024-11-14 05:00:00,214.16000366210932,215.8999938964844,210.8800048828125,211.47999572753903,42620300.0,0.0,0.0,AMZN,2024-11-14,05:00:00,328.0,Amazon,2024-11-14 20:25:48,Thomas Maxwell,https://gizmodo.com/amazon-gets-into-the-boner-pill-business-hims-stock-goes-limp-2000524701,"Amazon Gets Into the Boner Pill Business, Hims Stock Goes Limp","Don't worry, they will arrive in standard Amazon packages.","Amazon is pushing deeper into healthcare with new fixed pricing for treatment of certain conditions including erectile dysfunction and hair loss. Under the new scheme, Prime members can see the cost … [+2816 chars]",20:25:48,125.0,Hims & Hers Health Stock Is Tumbling Thursday: What's Going On? - Hims & Hers Health  ( NYSE:HIMS ) ,Benzinga,Hims & Hers Health Inc HIMS shares are trading lower in possible response to Amazon.com Inc's AMZN new upfront pricing for telehealth visits and treatment plans.,https://www.benzinga.com/trading-ideas/movers/24/11/41977650/hims-hers-health-stock-is-tumbling-thursday-whats-going-on,2024-11-17 07:48:36.045229,0.0,-0.3182,"Amazon Gets Into the Boner Pill Business, Hims Stock Goes Limp Hims & Hers Health Stock Is Tumbling Thursday: What's Going On? - Hims & Hers Health  ( NYSE:HIMS )  Don't worry, they will arrive in standard Amazon packages. Hims & Hers Health Inc HIMS shares are trading lower in possible response to Amazon.com Inc's AMZN new upfront pricing for telehealth visits and treatment plans. Amazon is pushing deeper into healthcare with new fixed pricing for treatment of certain conditions including erectile dysfunction and hair loss. Under the new scheme, Prime members can see the cost … [+2816 chars]",amazon get boner pill business hims stock go limp hims health stock tumbling thursday going hims health nyse hims worry arrive standard amazon package hims health inc hims share trading lower possible response inc amzn new upfront pricing telehealth visit treatment plan amazon pushing deeper healthcare new fixed pricing treatment certain condition including erectile dysfunction hair loss new scheme prime member see cost char,-0.4215,Negative,2024,11,3,5.0,0,211.47999572753903,211.47999572753903,212.52799987792963,213.31400299072263,211.73600234985352,5.019989013671903,0.0,0,1,206.12499938964845,206.42573662916843,212.1691580492196,200.0808407300773,66.45318724515825,5.019989013671903,4.419998168945369,0.5999908447265341,5.019989013671903,5.767137799944227,0.0,0.0075606392073279,211.47999572753903,0.0,0
423,2024-11-14 05:00:00,214.16000366210932,215.8999938964844,210.8800048828125,211.47999572753903,42620300.0,0.0,0.0,AMZN,2024-11-14,05:00:00,328.0,Amazon,2024-11-14 20:25:48,Thomas Maxwell,https://gizmodo.com/amazon-gets-into-the-boner-pill-business-hims-stock-goes-limp-2000524701,"Amazon Gets Into the Boner Pill Business, Hims Stock Goes Limp","Don't worry, they will arrive in standard Amazon packages.","Amazon is pushing deeper into healthcare with new fixed pricing for treatment of certain conditions including erectile dysfunction and hair loss. Under the new scheme, Prime members can see the cost … [+2816 chars]",20:25:48,126.0,Competitor Analysis: Evaluating Amazon.com And Competitors In Broadline Retail Industry - Amazon.com  ( NASDAQ:AMZN ) ,Benzinga,"Amidst the fast-paced and highly competitive business environment of today, conducting comprehensive company analysis is essential for investors and industry enthusiasts. In this article, we will delve into an extensive industry comparison, evaluating Amazon.com AMZN in comparison to its major ...",https://www.benzinga.com/insights/news/24/11/41975769/competitor-analysis-evaluating-amazon-com-and-competitors-in-broadline-retail-industry,2024-11-17 07:48:36.045229,0.0,-0.3182,"Amazon Gets Into the Boner Pill Business, Hims Stock Goes Limp Competitor Analysis: Evaluating Amazon.com And Competitors In Broadline Retail Industry - Amazon.com  ( NASDAQ:AMZN )  Don't worry, they will arrive in standard Amazon packages. Amidst the fast-paced and highly competitive business environment of today, conducting comprehensive company analysis is essential for investors and industry enthusiasts. In this article, we will delve into an extensive industry comparison, evaluating Amazon.com AMZN in comparison to its major ... Amazon is pushing deeper into healthcare with new fixed pricing for treatment of certain conditions including erectile dysfunction and hair loss. Under the new scheme, Prime members can see the cost … [+2816 chars]",amazon get boner pill business hims stock go limp competitor analysis evaluating competitor broadline retail industry nasdaq amzn worry arrive standard amazon package amidst highly competitive business environment today conducting comprehensive company analysis essential investor industry enthusiast article delve extensive industry comparison evaluating amzn comparison major amazon pushing deeper healthcare new fixed pricing treatment certain condition including erectile dysfunction hair loss new scheme prime member see cost char,0.4005,Positive,2024,11,3,5.0,0,211.47999572753903,211.47999572753903,212.0039978027344,213.052001953125,211.96800231933597,5.019989013671903,0.0,1,0,206.49999938964845,206.62394286832023,212.0921836129433,200.9078151663536,0.0,5.019989013671903,4.419998168945369,0.5999908447265341,5.019989013671903,5.684280395507841,0.0,0.0032907376774678,211.47999572753903,0.0,0
424,2024-11-14 05:00:00,214.16000366210932,215.8999938964844,210.8800048828125,211.47999572753903,42620300.0,0.0,0.0,AMZN,2024-11-14,05:00:00,328.0,Amazon,2024-11-14 20:25:48,Thomas Maxwell,https://gizmodo.com/amazon-gets-into-the-boner-pill-business-hims-stock-goes-limp-2000524701,"Amazon Gets Into the Boner Pill Business, Hims Stock Goes Limp","Don't worry, they will arrive in standard Amazon packages.","Amazon is pushing deeper into healthcare with new fixed pricing for treatment of certain conditions including erectile dysfunction and hair loss. Under the new scheme, Prime members can see the cost … [+2816 chars]",20:25:48,127.0,Pinterest Plunges on Soft Guidance. Is This a Golden Opportunity to Buy the Dip?,Motley Fool,Pinterest disappoints investors for the second quarter in a row.,https://www.fool.com/investing/2024/11/14/pinterest-plunges-on-soft-guidance-is-this-a/,2024-11-17 07:48:36.045229,0.4215,-0.3182,"Amazon Gets Into the Boner Pill Business, Hims Stock Goes Limp Pinterest Plunges on Soft Guidance. Is This a Golden Opportunity to Buy the Dip? Don't worry, they will arrive in standard Amazon packages. Pinterest disappoints investors for the second quarter in a row. Amazon is pushing deeper into healthcare with new fixed pricing for treatment of certain conditions including erectile dysfunction and hair loss. Under the new scheme, Prime members can see the cost … [+2816 chars]",amazon get boner pill business hims stock go limp pinterest plunge soft guidance golden opportunity buy dip worry arrive standard amazon package pinterest disappoints investor second quarter row amazon pushing deeper healthcare new fixed pricing treatment certain condition including erectile dysfunction hair loss new scheme prime member see cost char,-0.3818,Negative,2024,11,3,5.0,0,211.47999572753903,211.47999572753903,211.47999572753903,212.7900009155273,212.20000228881835,5.019989013671903,0.0,0,1,207.00159942626954,206.81437631377977,212.0572833814697,201.94591547106938,0.0,5.019989013671903,4.419998168945369,0.5999908447265341,5.019989013671903,5.617851257324247,0.0,0.0032907376774678,211.47999572753903,0.0,0
425,2024-11-14 05:00:00,214.16000366210932,215.8999938964844,210.8800048828125,211.47999572753903,42620300.0,0.0,0.0,AMZN,2024-11-14,05:00:00,328.0,Amazon,2024-11-14 20:25:48,Thomas Maxwell,https://gizmodo.com/amazon-gets-into-the-boner-pill-business-hims-stock-goes-limp-2000524701,"Amazon Gets Into the Boner Pill Business, Hims Stock Goes Limp","Don't worry, they will arrive in standard Amazon packages.","Amazon is pushing deeper into healthcare with new fixed pricing for treatment of certain conditions including erectile dysfunction and hair loss. Under the new scheme, Prime members can see the cost … [+2816 chars]",20:25:48,128.0,Can Palantir Sustain Its 300X Valuation After Climbing 266% This Year? - Palantir Technologies  ( NYSE:PLTR ) ,Benzinga,"Palantir Technologies Inc PLTR has surged over 40% in the past month, 266% YTD, propelled by a series of high-profile partnerships with industry giants like Microsoft Corp, Amazon.com Inc AMZN, and Rio Tinto PLC RIO.",https://www.benzinga.com/trading-ideas/long-ideas/24/11/41972288/can-palantir-sustain-its-300x-valuation-after-climbing-266-this-year,2024-11-17 07:48:36.045229,0.0,-0.3182,"Amazon Gets Into the Boner Pill Business, Hims Stock Goes Limp Can Palantir Sustain Its 300X Valuation After Climbing 266% This Year? - Palantir Technologies  ( NYSE:PLTR )  Don't worry, they will arrive in standard Amazon packages. Palantir Technologies Inc PLTR has surged over 40% in the past month, 266% YTD, propelled by a series of high-profile partnerships with industry giants like Microsoft Corp, Amazon.com Inc AMZN, and Rio Tinto PLC RIO. Amazon is pushing deeper into healthcare with new fixed pricing for treatment of certain conditions including erectile dysfunction and hair loss. Under the new scheme, Prime members can see the cost … [+2816 chars]",amazon get boner pill business hims stock go limp palantir sustain valuation climbing year palantir technology nyse pltr worry arrive standard amazon package palantir technology inc pltr surged past month ytd propelled series partnership industry giant like microsoft corp inc amzn rio tinto plc rio amazon pushing deeper healthcare new fixed pricing treatment certain condition including erectile dysfunction hair loss new scheme prime member see cost char,-0.0772,Negative,2024,11,3,5.0,0,211.47999572753903,211.47999572753903,211.47999572753903,212.52799987792963,212.4320022583008,5.019989013671903,0.0,0,1,207.50319946289062,206.99734178098603,211.9070729289282,203.09932599685305,0.0,5.019989013671903,4.419998168945369,0.5999908447265341,5.019989013671903,5.551422119140653,0.0,0.0032907376774678,211.47999572753903,0.0,0
426,2024-11-14 05:00:00,214.16000366210932,215.8999938964844,210.8800048828125,211.47999572753903,42620300.0,0.0,0.0,AMZN,2024-11-14,05:00:00,328.0,Amazon,2024-11-14 20:25:48,Thomas Maxwell,https://gizmodo.com/amazon-gets-into-the-boner-pill-business-hims-stock-goes-limp-2000524701,"Amazon Gets Into the Boner Pill Business, Hims Stock Goes Limp","Don't worry, they will arrive in standard Amazon packages.","Amazon is pushing deeper into healthcare with new fixed pricing for treatment of certain conditions including erectile dysfunction and hair loss. Under the new scheme, Prime members can see the cost … [+2816 chars]",20:25:48,129.0,"Jim Cramer Recommends Microsoft, Praises American Water Works For Being 'Consistent' - Amazon.com  ( NASDAQ:AMZN ) ",Benzinga,"On CNBC's ""Mad Money Lightning Round,"" Jim Cramer recommended buying Microsoft Corporation MSFT. On Oct. 30, Microsoft reported first-quarter revenue of $65.60 billion, up 16% year-over-year. The total beat a Street consensus estimate of $64.51 billion according to data from Benzinga Pro.",https://www.benzinga.com/trading-ideas/long-ideas/24/11/41971544/jim-cramer-recommends-microsoft-praises-american-water-works-for-being-consistent,2024-11-17 07:48:36.045229,0.6486,-0.3182,"Amazon Gets Into the Boner Pill Business, Hims Stock Goes Limp Jim Cramer Recommends Microsoft, Praises American Water Works For Being 'Consistent' - Amazon.com  ( NASDAQ:AMZN )  Don't worry, they will arrive in standard Amazon packages. On CNBC's ""Mad Money Lightning Round,"" Jim Cramer recommended buying Microsoft Corporation MSFT. On Oct. 30, Microsoft reported first-quarter revenue of $65.60 billion, up 16% year-over-year. The total beat a Street consensus estimate of $64.51 billion according to data from Benzinga Pro. Amazon is pushing deeper into healthcare with new fixed pricing for treatment of certain conditions including erectile dysfunction and hair loss. Under the new scheme, Prime members can see the cost … [+2816 chars]",amazon get boner pill business hims stock go limp jim cramer recommends microsoft praise american water work nasdaq amzn worry arrive standard amazon package cnbc mad money lightning round jim cramer recommended buying microsoft corporation msft microsoft reported revenue billion total beat street consensus estimate billion according data benzinga pro amazon pushing deeper healthcare new fixed pricing treatment certain condition including erectile dysfunction hair loss new scheme prime member see cost char,0.0772,Positive,2024,11,3,5.0,0,211.47999572753903,211.47999572753903,211.47999572753903,212.265998840332,212.6640022277832,5.019989013671903,0.0,1,0,207.77419952392577,207.17313213183124,211.34841386238853,204.19998518546302,0.0,5.019989013671903,4.419998168945369,0.5999908447265341,5.019989013671903,5.48499298095706,0.0,0.0032907376774678,211.47999572753903,0.0,0
427,2024-11-14 05:00:00,214.16000366210932,215.8999938964844,210.8800048828125,211.47999572753903,42620300.0,0.0,0.0,AMZN,2024-11-14,05:00:00,328.0,Amazon,2024-11-14 20:25:48,Thomas Maxwell,https://gizmodo.com/amazon-gets-into-the-boner-pill-business-hims-stock-goes-limp-2000524701,"Amazon Gets Into the Boner Pill Business, Hims Stock Goes Limp","Don't worry, they will arrive in standard Amazon packages.","Amazon is pushing deeper into healthcare with new fixed pricing for treatment of certain conditions including erectile dysfunction and hair loss. Under the new scheme, Prime members can see the cost … [+2816 chars]",20:25:48,130.0,"CrowdStrike, Amazon And More On CNBC's 'Final Trades' - Amazon.com  ( NASDAQ:AMZN ) ",Benzinga,"On CNBC's ""Halftime Report Final Trades,"" Joseph M. Terranova of Virtus Investment Partners named CrowdStrike Holdings, Inc. CRWD, saying he loves anything related to cybersecurity.",https://www.benzinga.com/trading-ideas/long-ideas/24/11/41971204/crowdstrike-amazon-and-more-on-cnbcs-final-trades,2024-11-17 07:48:36.045229,0.1779,-0.3182,"Amazon Gets Into the Boner Pill Business, Hims Stock Goes Limp CrowdStrike, Amazon And More On CNBC's 'Final Trades' - Amazon.com  ( NASDAQ:AMZN )  Don't worry, they will arrive in standard Amazon packages. On CNBC's ""Halftime Report Final Trades,"" Joseph M. Terranova of Virtus Investment Partners named CrowdStrike Holdings, Inc. CRWD, saying he loves anything related to cybersecurity. Amazon is pushing deeper into healthcare with new fixed pricing for treatment of certain conditions including erectile dysfunction and hair loss. Under the new scheme, Prime members can see the cost … [+2816 chars]",amazon get boner pill business hims stock go limp crowdstrike amazon cnbc trade nasdaq amzn worry arrive standard amazon package cnbc halftime report final trade joseph terranova virtu investment partner named crowdstrike holding crwd saying love anything related cybersecurity amazon pushing deeper healthcare new fixed pricing treatment certain condition including erectile dysfunction hair loss new scheme prime member see cost char,0.4767,Positive,2024,11,3,5.0,0,211.47999572753903,211.47999572753903,211.47999572753903,212.00399780273432,212.7925018310547,5.019989013671903,0.0,1,0,208.08819946289063,207.34202874342762,211.255812273253,204.92058665252824,0.0,5.019989013671903,4.419998168945369,0.5999908447265341,5.019989013671903,5.418563842773466,0.0,0.0032907376774678,211.47999572753903,0.0,0
428,2024-11-14 05:00:00,214.16000366210932,215.8999938964844,210.8800048828125,211.47999572753903,42620300.0,0.0,0.0,AMZN,2024-11-14,05:00:00,328.0,Amazon,2024-11-14 20:25:48,Thomas Maxwell,https://gizmodo.com/amazon-gets-into-the-boner-pill-business-hims-stock-goes-limp-2000524701,"Amazon Gets Into the Boner Pill Business, Hims Stock Goes Limp","Don't worry, they will arrive in standard Amazon packages.","Amazon is pushing deeper into healthcare with new fixed pricing for treatment of certain conditions including erectile dysfunction and hair loss. Under the new scheme, Prime members can see the cost … [+2816 chars]",20:25:48,131.0,Nvidia To Rally Around 23%? Here Are 10 Top Analyst Forecasts For Thursday - NVIDIA  ( NASDAQ:NVDA ) ,Benzinga,"Top Wall Street analysts changed their outlook on these top names. For a complete view of all analyst rating changes, including upgrades and downgrades, please see our analyst ratings page. Craig-Hallum boosted the price target for Digi International Inc. DGII from $28 to $32.",https://www.benzinga.com/24/11/41971143/nvidia-to-rally-around-23-here-are-10-top-analyst-forecasts-for-thursday,2024-11-17 07:48:36.045229,0.2023,-0.3182,"Amazon Gets Into the Boner Pill Business, Hims Stock Goes Limp Nvidia To Rally Around 23%? Here Are 10 Top Analyst Forecasts For Thursday - NVIDIA  ( NASDAQ:NVDA )  Don't worry, they will arrive in standard Amazon packages. Top Wall Street analysts changed their outlook on these top names. For a complete view of all analyst rating changes, including upgrades and downgrades, please see our analyst ratings page. Craig-Hallum boosted the price target for Digi International Inc. DGII from $28 to $32. Amazon is pushing deeper into healthcare with new fixed pricing for treatment of certain conditions including erectile dysfunction and hair loss. Under the new scheme, Prime members can see the cost … [+2816 chars]",amazon get boner pill business hims stock go limp nvidia rally around top analyst forecast thursday nvidia nasdaq nvda worry arrive standard amazon package top wall street analyst changed outlook top name complete view analyst rating change including upgrade downgrade please see analyst rating page boosted price target digi international dgii amazon pushing deeper healthcare new fixed pricing treatment certain condition including erectile dysfunction hair loss new scheme prime member see cost char,0.6597,Positive,2024,11,3,5.0,0,211.47999572753903,211.47999572753903,211.47999572753903,211.74199676513663,212.92100143432617,5.019989013671903,0.0,1,0,208.40219940185546,207.5043019584908,211.07679919018972,205.7275996135212,0.0,5.019989013671903,4.419998168945369,0.5999908447265341,5.019989013671903,5.352134704589872,0.0,0.0032907376774678,211.47999572753903,0.0,0
429,2024-11-14 05:00:00,214.16000366210932,215.8999938964844,210.8800048828125,211.47999572753903,42620300.0,0.0,0.0,AMZN,2024-11-14,05:00:00,328.0,Amazon,2024-11-14 20:25:48,Thomas Maxwell,https://gizmodo.com/amazon-gets-into-the-boner-pill-business-hims-stock-goes-limp-2000524701,"Amazon Gets Into the Boner Pill Business, Hims Stock Goes Limp","Don't worry, they will arrive in standard Amazon packages.","Amazon is pushing deeper into healthcare with new fixed pricing for treatment of certain conditions including erectile dysfunction and hair loss. Under the new scheme, Prime members can see the cost … [+2816 chars]",20:25:48,132.0,Datadog Soars on AI & Cloud Wins in Q3: Time to Buy the Stock?,Zacks Commentary,"DDOG wows with 26% revenue rise, AI traction and robust platform adoption. With strong enterprise wins and solid financials, the stock looks ripe for investment.",https://www.zacks.com/stock/news/2370154/datadog-soars-on-ai-cloud-wins-in-q3-time-to-buy-the-stock,2024-11-17 07:48:36.045229,0.5719,-0.3182,"Amazon Gets Into the Boner Pill Business, Hims Stock Goes Limp Datadog Soars on AI & Cloud Wins in Q3: Time to Buy the Stock? Don't worry, they will arrive in standard Amazon packages. DDOG wows with 26% revenue rise, AI traction and robust platform adoption. With strong enterprise wins and solid financials, the stock looks ripe for investment. Amazon is pushing deeper into healthcare with new fixed pricing for treatment of certain conditions including erectile dysfunction and hair loss. Under the new scheme, Prime members can see the cost … [+2816 chars]",amazon get boner pill business hims stock go limp datadog soar ai cloud win time buy stock worry arrive standard amazon package ddog wow revenue rise ai traction robust platform adoption strong enterprise win solid financials stock look ripe investment amazon pushing deeper healthcare new fixed pricing treatment certain condition including erectile dysfunction hair loss new scheme prime member see cost char,0.9423,Positive,2024,11,3,5.0,0,211.47999572753903,211.47999572753903,211.47999572753903,211.47999572753903,212.7900009155273,5.019989013671903,0.0,1,0,208.7161993408203,207.66021151806132,211.40427326878086,206.02812541285977,0.0,5.019989013671903,4.419998168945369,0.5999908447265341,5.019989013671903,5.285705566406278,0.0,0.0032907376774678,211.47999572753903,0.0,0
430,2024-11-14 05:00:00,214.16000366210932,215.8999938964844,210.8800048828125,211.47999572753903,42620300.0,0.0,0.0,AMZN,2024-11-14,05:00:00,328.0,Amazon,2024-11-14 20:25:48,Thomas Maxwell,https://gizmodo.com/amazon-gets-into-the-boner-pill-business-hims-stock-goes-limp-2000524701,"Amazon Gets Into the Boner Pill Business, Hims Stock Goes Limp","Don't worry, they will arrive in standard Amazon packages.","Amazon is pushing deeper into healthcare with new fixed pricing for treatment of certain conditions including erectile dysfunction and hair loss. Under the new scheme, Prime members can see the cost … [+2816 chars]",20:25:48,133.0,"3 Vanguard ETFs to Buy With $1,000 and Hold Forever",Motley Fool,"Investing doesn't have to be complicated. Sure, you can research stocks in-depth and buy potential winners. Many investors do and make a lot of money over the long run. However, you can also take a much easier path.Exchange-traded funds ( ETFs ) offer a simple and convenient way to buy a broad ...",https://www.fool.com/investing/2024/11/14/3-vanguard-etfs-to-buy-with-1000-and-hold-forever/,2024-11-17 07:48:36.045229,0.0,-0.3182,"Amazon Gets Into the Boner Pill Business, Hims Stock Goes Limp 3 Vanguard ETFs to Buy With $1,000 and Hold Forever Don't worry, they will arrive in standard Amazon packages. Investing doesn't have to be complicated. Sure, you can research stocks in-depth and buy potential winners. Many investors do and make a lot of money over the long run. However, you can also take a much easier path.Exchange-traded funds ( ETFs ) offer a simple and convenient way to buy a broad ... Amazon is pushing deeper into healthcare with new fixed pricing for treatment of certain conditions including erectile dysfunction and hair loss. Under the new scheme, Prime members can see the cost … [+2816 chars]",amazon get boner pill business hims stock go limp vanguard etf buy hold forever worry arrive standard amazon package investing complicated sure research stock buy potential winner many investor make lot money long run however also take much easier fund etf offer simple convenient way buy broad amazon pushing deeper healthcare new fixed pricing treatment certain condition including erectile dysfunction hair loss new scheme prime member see cost char,0.7269,Positive,2024,11,3,5.0,0,211.47999572753903,211.47999572753903,211.47999572753903,211.47999572753903,212.6590003967285,5.019989013671903,0.0,1,0,208.9557992553711,207.81000697725653,211.63039904370538,206.2811994670368,0.0,5.019989013671903,4.419998168945369,0.5999908447265341,5.019989013671903,5.219276428222685,0.0,0.0032907376774678,211.47999572753903,0.0,0
431,2024-11-14 05:00:00,214.16000366210932,215.8999938964844,210.8800048828125,211.47999572753903,42620300.0,0.0,0.0,AMZN,2024-11-14,05:00:00,328.0,Amazon,2024-11-14 20:25:48,Thomas Maxwell,https://gizmodo.com/amazon-gets-into-the-boner-pill-business-hims-stock-goes-limp-2000524701,"Amazon Gets Into the Boner Pill Business, Hims Stock Goes Limp","Don't worry, they will arrive in standard Amazon packages.","Amazon is pushing deeper into healthcare with new fixed pricing for treatment of certain conditions including erectile dysfunction and hair loss. Under the new scheme, Prime members can see the cost … [+2816 chars]",20:25:48,134.0,These 3 Dow Stocks Are Set to Soar in 2025 and Beyond,Motley Fool,"This year has been great for stocks, as indexes confirmed the presence of a bull market and then went on to reach multiple record highs. The Dow Jones Industrial Average, which includes 30 of the top large-cap stocks powering today's economy, roared past 40,000 for the first time ever and is now ...",https://www.fool.com/investing/2024/11/14/these-3-dow-stocks-are-set-to-soar-in-2025-beyond/,2024-11-17 07:48:36.045229,0.0,-0.3182,"Amazon Gets Into the Boner Pill Business, Hims Stock Goes Limp These 3 Dow Stocks Are Set to Soar in 2025 and Beyond Don't worry, they will arrive in standard Amazon packages. This year has been great for stocks, as indexes confirmed the presence of a bull market and then went on to reach multiple record highs. The Dow Jones Industrial Average, which includes 30 of the top large-cap stocks powering today's economy, roared past 40,000 for the first time ever and is now ... Amazon is pushing deeper into healthcare with new fixed pricing for treatment of certain conditions including erectile dysfunction and hair loss. Under the new scheme, Prime members can see the cost … [+2816 chars]",amazon get boner pill business hims stock go limp dow stock set soar beyond worry arrive standard amazon package year great stock index confirmed presence bull market went reach multiple record high dow jones industrial average includes top stock powering today economy roared past first time ever amazon pushing deeper healthcare new fixed pricing treatment certain condition including erectile dysfunction hair loss new scheme prime member see cost char,0.4939,Positive,2024,11,3,5.0,0,211.47999572753903,211.47999572753903,211.47999572753903,211.47999572753903,212.52799987792963,5.019989013671903,0.0,1,0,209.19539916992187,207.95392810471859,211.82916297567357,206.56163536417017,0.0,5.019989013671903,4.419998168945369,0.5999908447265341,5.019989013671903,5.152847290039091,0.0,0.0032907376774678,211.47999572753903,0.0,0
432,2024-11-14 05:00:00,214.16000366210932,215.8999938964844,210.8800048828125,211.47999572753903,42620300.0,0.0,0.0,AMZN,2024-11-14,05:00:00,328.0,Amazon,2024-11-14 20:25:48,Thomas Maxwell,https://gizmodo.com/amazon-gets-into-the-boner-pill-business-hims-stock-goes-limp-2000524701,"Amazon Gets Into the Boner Pill Business, Hims Stock Goes Limp","Don't worry, they will arrive in standard Amazon packages.","Amazon is pushing deeper into healthcare with new fixed pricing for treatment of certain conditions including erectile dysfunction and hair loss. Under the new scheme, Prime members can see the cost … [+2816 chars]",20:25:48,135.0,Nvidia Stock Investors Just Got Great News From Amazon and Google,Motley Fool,"Semiconductor company Nvidia ( NASDAQ: NVDA ) has seen its share price increase nearly 1,000% since the launch of ChatGPT in late 2022. That event was the big-bang moment for the artificial intelligence ( AI ) boom, and the subsequent surge in Nvidia shares reflects its critical position in the ...",https://www.fool.com/investing/2024/11/14/nvidia-stock-investors-great-news-amazon-google/,2024-11-17 07:48:36.045229,0.7003,-0.3182,"Amazon Gets Into the Boner Pill Business, Hims Stock Goes Limp Nvidia Stock Investors Just Got Great News From Amazon and Google Don't worry, they will arrive in standard Amazon packages. Semiconductor company Nvidia ( NASDAQ: NVDA ) has seen its share price increase nearly 1,000% since the launch of ChatGPT in late 2022. That event was the big-bang moment for the artificial intelligence ( AI ) boom, and the subsequent surge in Nvidia shares reflects its critical position in the ... Amazon is pushing deeper into healthcare with new fixed pricing for treatment of certain conditions including erectile dysfunction and hair loss. Under the new scheme, Prime members can see the cost … [+2816 chars]",amazon get boner pill business hims stock go limp nvidia stock investor got great news amazon google worry arrive standard amazon package semiconductor company nvidia nasdaq nvda seen share price increase nearly since launch chatgpt late event moment artificial intelligence ai boom subsequent surge nvidia share reflects critical position amazon pushing deeper healthcare new fixed pricing treatment certain condition including erectile dysfunction hair loss new scheme prime member see cost char,0.8591,Positive,2024,11,3,5.0,0,211.47999572753903,211.47999572753903,211.47999572753903,211.47999572753903,212.3969993591308,5.019989013671903,0.0,1,0,209.43499908447265,208.09220526639783,211.99925818065825,206.87073998828706,0.0,5.019989013671903,4.419998168945369,0.5999908447265341,5.019989013671903,5.086418151855497,0.0,0.0032907376774678,211.47999572753903,0.0,0
433,2024-11-14 05:00:00,214.16000366210932,215.8999938964844,210.8800048828125,211.47999572753903,42620300.0,0.0,0.0,AMZN,2024-11-14,05:00:00,328.0,Amazon,2024-11-14 20:25:48,Thomas Maxwell,https://gizmodo.com/amazon-gets-into-the-boner-pill-business-hims-stock-goes-limp-2000524701,"Amazon Gets Into the Boner Pill Business, Hims Stock Goes Limp","Don't worry, they will arrive in standard Amazon packages.","Amazon is pushing deeper into healthcare with new fixed pricing for treatment of certain conditions including erectile dysfunction and hair loss. Under the new scheme, Prime members can see the cost … [+2816 chars]",20:25:48,136.0,Is Palantir's Deal With Amazon a Game Changer?,Motley Fool,Palantir just tapped Amazon to help bring artificial intelligence (AI) tools to the U.S. military.,https://www.fool.com/investing/2024/11/14/is-palantirs-deal-with-amazon-a-gamechanger/,2024-11-17 07:48:36.045229,0.1779,-0.3182,"Amazon Gets Into the Boner Pill Business, Hims Stock Goes Limp Is Palantir's Deal With Amazon a Game Changer? Don't worry, they will arrive in standard Amazon packages. Palantir just tapped Amazon to help bring artificial intelligence (AI) tools to the U.S. military. Amazon is pushing deeper into healthcare with new fixed pricing for treatment of certain conditions including erectile dysfunction and hair loss. Under the new scheme, Prime members can see the cost … [+2816 chars]",amazon get boner pill business hims stock go limp palantir deal amazon game changer worry arrive standard amazon package palantir tapped amazon help bring artificial intelligence ai tool military amazon pushing deeper healthcare new fixed pricing treatment certain condition including erectile dysfunction hair loss new scheme prime member see cost char,0.6597,Positive,2024,11,3,5.0,0,211.47999572753903,211.47999572753903,211.47999572753903,211.47999572753903,212.265998840332,5.019989013671903,0.0,1,0,209.67459899902343,208.22505979428573,212.13825944872156,207.2109385493253,0.0,5.019989013671903,4.419998168945369,0.5999908447265341,5.019989013671903,5.019989013671903,0.0,0.0032907376774678,211.47999572753903,0.0,0
1481,2024-11-15 05:00:00,310.57000732421875,324.67999267578125,309.2200012207031,320.7200012207031,114128900.0,0.0,0.0,TSLA,2024-11-15,05:00:00,94.0,Tesla,2024-11-15 03:58:01,Erin Snodgrass,https://www.businessinsider.com/peter-thiel-elon-musk-turn-donald-trump-other-tech-ceos-2024-11,Peter Thiel says Elon Musk's embrace of Donald Trump helped other Silicon Valley leaders feel safe supporting him,Billionaire Peter Thiel credited Elon Musk's public support of Donald Trump with helping other tech leaders feel safe embracing the president-elect.,"Peter Thiel credited Elon Musk with helping other tech leaders feel safe supporting Donald Trump.Getty Images
<ul><li>Peter Thiel attributed recent Trump support in Silicon Valley, in part, to Elon … [+3597 chars]",03:58:01,232.0,What's in Store for Big Tech ETFs in Trump 2.0?,Zacks Commentary,"The Trump 2.0 era may boost tech stocks with eased antitrust policies and support for AI, though a trade war with China could negatively impact Apple and Tesla.",https://www.zacks.com/stock/news/2371237/whats-in-store-for-big-tech-etfs-in-trump-20,2024-11-17 07:48:36.045229,0.0,0.9042,"Peter Thiel says Elon Musk's embrace of Donald Trump helped other Silicon Valley leaders feel safe supporting him What's in Store for Big Tech ETFs in Trump 2.0? Billionaire Peter Thiel credited Elon Musk's public support of Donald Trump with helping other tech leaders feel safe embracing the president-elect. The Trump 2.0 era may boost tech stocks with eased antitrust policies and support for AI, though a trade war with China could negatively impact Apple and Tesla. Peter Thiel credited Elon Musk with helping other tech leaders feel safe supporting Donald Trump.Getty Images
<ul><li>Peter Thiel attributed recent Trump support in Silicon Valley, in part, to Elon … [+3597 chars]",peter thiel say elon musk embrace donald trump helped silicon valley leader feel safe supporting store big tech etf trump billionaire peter thiel credited elon musk public support donald trump helping tech leader feel safe embracing trump era may boost tech stock eased antitrust policy support ai though trade war china could negatively impact apple tesla peter thiel credited elon musk helping tech leader feel safe supporting donald image ul li peter thiel attributed recent trump support silicon valley part elon char,0.9839,Positive,2024,11,4,5.0,0,320.7200012207031,320.7200012207031,320.7200012207031,319.7619964599609,329.6784957885742,15.459991455078123,0.0,1,0,297.5883987426758,300.1507709048345,324.72615020806427,270.4506472772873,37.199361695067616,15.459991455078123,3.959991455078125,11.5,15.459991455078123,19.275000435965403,0.0,0.0184666818495547,320.7200012207031,0.0,0
1482,2024-11-15 05:00:00,310.57000732421875,324.67999267578125,309.2200012207031,320.7200012207031,114128900.0,0.0,0.0,TSLA,2024-11-15,05:00:00,94.0,Tesla,2024-11-15 03:58:01,Erin Snodgrass,https://www.businessinsider.com/peter-thiel-elon-musk-turn-donald-trump-other-tech-ceos-2024-11,Peter Thiel says Elon Musk's embrace of Donald Trump helped other Silicon Valley leaders feel safe supporting him,Billionaire Peter Thiel credited Elon Musk's public support of Donald Trump with helping other tech leaders feel safe embracing the president-elect.,"Peter Thiel credited Elon Musk with helping other tech leaders feel safe supporting Donald Trump.Getty Images
<ul><li>Peter Thiel attributed recent Trump support in Silicon Valley, in part, to Elon … [+3597 chars]",03:58:01,233.0,"Tesla To Partner With Lyft, Uber? Analyst Has 'Rising Conviction' For Future Partnership - Tesla  ( NASDAQ:TSLA ) ",Benzinga,Tesla Inc TSLA analysts Tom Narayan and Brad Erickson highlight the company's potential with FSD and robotaxis and also share thoughts on whether the electric vehicle giant could work with Uber Technologies UBER and Lyft Inc LYFT instead of competing against them.,https://www.benzinga.com/24/11/42015996/tesla-to-partner-with-lyft-uber-analyst-says-rising-conviction-for-partnership-in-future,2024-11-17 07:48:36.045229,0.0,0.9042,"Peter Thiel says Elon Musk's embrace of Donald Trump helped other Silicon Valley leaders feel safe supporting him Tesla To Partner With Lyft, Uber? Analyst Has 'Rising Conviction' For Future Partnership - Tesla  ( NASDAQ:TSLA )  Billionaire Peter Thiel credited Elon Musk's public support of Donald Trump with helping other tech leaders feel safe embracing the president-elect. Tesla Inc TSLA analysts Tom Narayan and Brad Erickson highlight the company's potential with FSD and robotaxis and also share thoughts on whether the electric vehicle giant could work with Uber Technologies UBER and Lyft Inc LYFT instead of competing against them. Peter Thiel credited Elon Musk with helping other tech leaders feel safe supporting Donald Trump.Getty Images
<ul><li>Peter Thiel attributed recent Trump support in Silicon Valley, in part, to Elon … [+3597 chars]",peter thiel say elon musk embrace donald trump helped silicon valley leader feel safe supporting tesla partner lyft uber analyst conviction future partnership tesla nasdaq tsla billionaire peter thiel credited elon musk public support donald trump helping tech leader feel safe embracing tesla inc tsla analyst tom narayan brad erickson highlight company potential fsd robotaxis also share thought whether electric vehicle giant could work uber technology uber lyft inc lyft instead competing peter thiel credited elon musk helping tech leader feel safe supporting donald image ul li peter thiel attributed recent trump support silicon valley part elon char,0.9851,Positive,2024,11,4,5.0,0,320.7200012207031,320.7200012207031,320.7200012207031,318.8099975585937,328.21449584960936,15.459991455078123,0.0,1,0,298.75259857177736,300.9574073878097,324.3922001756224,273.1129969679323,37.199361695067616,15.459991455078123,3.959991455078125,11.5,15.459991455078123,18.76999991280692,0.0,0.0184666818495547,320.7200012207031,0.0,0
1483,2024-11-15 05:00:00,310.57000732421875,324.67999267578125,309.2200012207031,320.7200012207031,114128900.0,0.0,0.0,TSLA,2024-11-15,05:00:00,94.0,Tesla,2024-11-15 03:58:01,Erin Snodgrass,https://www.businessinsider.com/peter-thiel-elon-musk-turn-donald-trump-other-tech-ceos-2024-11,Peter Thiel says Elon Musk's embrace of Donald Trump helped other Silicon Valley leaders feel safe supporting him,Billionaire Peter Thiel credited Elon Musk's public support of Donald Trump with helping other tech leaders feel safe embracing the president-elect.,"Peter Thiel credited Elon Musk with helping other tech leaders feel safe supporting Donald Trump.Getty Images
<ul><li>Peter Thiel attributed recent Trump support in Silicon Valley, in part, to Elon … [+3597 chars]",03:58:01,234.0,Dogecoin Investors Drop $248 Billion Class Action Lawsuit Against Elon Musk,Decrypt.co,"A federal judge in Manhattan had previously ruled that Elon Musk's public Dogecoin statements were ""aspirational and puffery."" ...",https://decrypt.co/291862/dogecoin-investors-drop-248-billion-suit-elon-musk,2024-11-17 07:48:36.045229,-0.4588,0.9042,"Peter Thiel says Elon Musk's embrace of Donald Trump helped other Silicon Valley leaders feel safe supporting him Dogecoin Investors Drop $248 Billion Class Action Lawsuit Against Elon Musk Billionaire Peter Thiel credited Elon Musk's public support of Donald Trump with helping other tech leaders feel safe embracing the president-elect. A federal judge in Manhattan had previously ruled that Elon Musk's public Dogecoin statements were ""aspirational and puffery."" ... Peter Thiel credited Elon Musk with helping other tech leaders feel safe supporting Donald Trump.Getty Images
<ul><li>Peter Thiel attributed recent Trump support in Silicon Valley, in part, to Elon … [+3597 chars]",peter thiel say elon musk embrace donald trump helped silicon valley leader feel safe supporting dogecoin investor drop billion class action lawsuit elon musk billionaire peter thiel credited elon musk public support donald trump helping tech leader feel safe embracing federal judge manhattan previously ruled elon musk public dogecoin statement aspirational puffery peter thiel credited elon musk helping tech leader feel safe supporting donald image ul li peter thiel attributed recent trump support silicon valley part elon char,0.9766,Positive,2024,11,4,5.0,0,320.7200012207031,320.7200012207031,320.7200012207031,317.8579986572266,326.75049591064453,15.459991455078123,0.0,1,0,299.9167984008789,301.7324110675311,323.58686344714505,276.2467333546128,37.199361695067616,15.459991455078123,3.959991455078125,11.5,15.459991455078123,18.26499938964844,0.0,0.0184666818495547,320.7200012207031,0.0,0
1484,2024-11-15 05:00:00,310.57000732421875,324.67999267578125,309.2200012207031,320.7200012207031,114128900.0,0.0,0.0,TSLA,2024-11-15,05:00:00,94.0,Tesla,2024-11-15 03:58:01,Erin Snodgrass,https://www.businessinsider.com/peter-thiel-elon-musk-turn-donald-trump-other-tech-ceos-2024-11,Peter Thiel says Elon Musk's embrace of Donald Trump helped other Silicon Valley leaders feel safe supporting him,Billionaire Peter Thiel credited Elon Musk's public support of Donald Trump with helping other tech leaders feel safe embracing the president-elect.,"Peter Thiel credited Elon Musk with helping other tech leaders feel safe supporting Donald Trump.Getty Images
<ul><li>Peter Thiel attributed recent Trump support in Silicon Valley, in part, to Elon … [+3597 chars]",03:58:01,235.0,"Powell Speaks The Truth - Market Does Not Like It, Consternation About Kennedy, Gaetz, And Hegseth - Apple  ( NASDAQ:AAPL ) ",Benzinga,"To gain an edge, this is what you need to know today. Please click here for an enlarged chart of SPDR S&P 500 ETF Trust SPY which represents the benchmark stock market index S&P 500 ( SPX ) . Retail sales came at 0.4% vs. 0.3% consensus. Retail sales ex-auto came at 0.1% vs. 0.2% consensus.",https://www.benzinga.com/general/market-summary/24/11/42014513/powell-speaks-the-truth-market-does-not-like-it-consternation-about-kennedy-gaetz-and-hegs,2024-11-17 07:48:36.045229,0.049,0.9042,"Peter Thiel says Elon Musk's embrace of Donald Trump helped other Silicon Valley leaders feel safe supporting him Powell Speaks The Truth - Market Does Not Like It, Consternation About Kennedy, Gaetz, And Hegseth - Apple  ( NASDAQ:AAPL )  Billionaire Peter Thiel credited Elon Musk's public support of Donald Trump with helping other tech leaders feel safe embracing the president-elect. To gain an edge, this is what you need to know today. Please click here for an enlarged chart of SPDR S&P 500 ETF Trust SPY which represents the benchmark stock market index S&P 500 ( SPX ) . Retail sales came at 0.4% vs. 0.3% consensus. Retail sales ex-auto came at 0.1% vs. 0.2% consensus. Peter Thiel credited Elon Musk with helping other tech leaders feel safe supporting Donald Trump.Getty Images
<ul><li>Peter Thiel attributed recent Trump support in Silicon Valley, in part, to Elon … [+3597 chars]",peter thiel say elon musk embrace donald trump helped silicon valley leader feel safe supporting powell speaks truth market like consternation kennedy gaetz hegseth apple nasdaq aapl billionaire peter thiel credited elon musk public support donald trump helping tech leader feel safe embracing gain edge need know today please click enlarged chart spdr p etf trust spy represents benchmark stock market index p spx retail sale came consensus retail sale came consensus peter thiel credited elon musk helping tech leader feel safe supporting donald image ul li peter thiel attributed recent trump support silicon valley part elon char,0.9908,Positive,2024,11,4,5.0,0,320.7200012207031,320.7200012207031,320.7200012207031,318.81199951171874,325.2864959716797,15.459991455078123,0.0,1,0,301.0809982299805,302.4770224460869,322.17853318714856,279.9834632728124,33.35666611535855,15.459991455078123,3.959991455078125,11.5,15.459991455078123,17.79071262904576,0.0,0.0183655642116252,320.7200012207031,0.0,0
1485,2024-11-15 05:00:00,310.57000732421875,324.67999267578125,309.2200012207031,320.7200012207031,114128900.0,0.0,0.0,TSLA,2024-11-15,05:00:00,94.0,Tesla,2024-11-15 03:58:01,Erin Snodgrass,https://www.businessinsider.com/peter-thiel-elon-musk-turn-donald-trump-other-tech-ceos-2024-11,Peter Thiel says Elon Musk's embrace of Donald Trump helped other Silicon Valley leaders feel safe supporting him,Billionaire Peter Thiel credited Elon Musk's public support of Donald Trump with helping other tech leaders feel safe embracing the president-elect.,"Peter Thiel credited Elon Musk with helping other tech leaders feel safe supporting Donald Trump.Getty Images
<ul><li>Peter Thiel attributed recent Trump support in Silicon Valley, in part, to Elon … [+3597 chars]",03:58:01,238.0,Dawn Project testing of Tesla Full Self-Driving vindicated by Tesla supporter,Benzinga,"Tesla fan confirms safety advocacy group's test results showing that Tesla Full Self-Driving will run down a child crossing the road. Tesla sought to suppress the group's test findings by threatening litigation, The Dawn Project stands behind its testing and the results.",https://www.benzinga.com/pressreleases/24/11/g42012474/dawn-project-testing-of-tesla-full-self-driving-vindicated-by-tesla-supporter,2024-11-17 07:48:36.045229,0.5994,0.9042,"Peter Thiel says Elon Musk's embrace of Donald Trump helped other Silicon Valley leaders feel safe supporting him Dawn Project testing of Tesla Full Self-Driving vindicated by Tesla supporter Billionaire Peter Thiel credited Elon Musk's public support of Donald Trump with helping other tech leaders feel safe embracing the president-elect. Tesla fan confirms safety advocacy group's test results showing that Tesla Full Self-Driving will run down a child crossing the road. Tesla sought to suppress the group's test findings by threatening litigation, The Dawn Project stands behind its testing and the results. Peter Thiel credited Elon Musk with helping other tech leaders feel safe supporting Donald Trump.Getty Images
<ul><li>Peter Thiel attributed recent Trump support in Silicon Valley, in part, to Elon … [+3597 chars]",peter thiel say elon musk embrace donald trump helped silicon valley leader feel safe supporting dawn project testing tesla full vindicated tesla supporter billionaire peter thiel credited elon musk public support donald trump helping tech leader feel safe embracing tesla fan confirms safety advocacy group test result showing tesla full run child crossing road tesla sought suppress group test finding threatening litigation dawn project stand behind testing result peter thiel credited elon musk helping tech leader feel safe supporting donald image ul li peter thiel attributed recent trump support silicon valley part elon char,0.9854,Positive,2024,11,4,5.0,0,320.7200012207031,320.7200012207031,320.7200012207031,319.76600036621096,323.82249603271487,15.459991455078123,0.0,1,0,302.24519805908204,303.1924333784248,319.90563905944407,284.58475705872,33.35666611535855,15.459991455078123,3.959991455078125,11.5,15.459991455078123,17.31642586844308,0.0,0.0183655642116252,320.7200012207031,0.0,0
1486,2024-11-15 05:00:00,310.57000732421875,324.67999267578125,309.2200012207031,320.7200012207031,114128900.0,0.0,0.0,TSLA,2024-11-15,05:00:00,94.0,Tesla,2024-11-15 03:58:01,Erin Snodgrass,https://www.businessinsider.com/peter-thiel-elon-musk-turn-donald-trump-other-tech-ceos-2024-11,Peter Thiel says Elon Musk's embrace of Donald Trump helped other Silicon Valley leaders feel safe supporting him,Billionaire Peter Thiel credited Elon Musk's public support of Donald Trump with helping other tech leaders feel safe embracing the president-elect.,"Peter Thiel credited Elon Musk with helping other tech leaders feel safe supporting Donald Trump.Getty Images
<ul><li>Peter Thiel attributed recent Trump support in Silicon Valley, in part, to Elon … [+3597 chars]",03:58:01,239.0,Dogecoin Could Soar 'Far Beyond' Current All-Time High Price: Analyst,Decrypt.co,"With Dogecoin reaching new levels of political and cultural relevance, experts are throwing out old assumptions about DOGE's potential peak.",https://decrypt.co/291843/dogecoin-soar-far-beyond-all-time-high-price,2024-11-17 07:48:36.045229,0.0,0.9042,"Peter Thiel says Elon Musk's embrace of Donald Trump helped other Silicon Valley leaders feel safe supporting him Dogecoin Could Soar 'Far Beyond' Current All-Time High Price: Analyst Billionaire Peter Thiel credited Elon Musk's public support of Donald Trump with helping other tech leaders feel safe embracing the president-elect. With Dogecoin reaching new levels of political and cultural relevance, experts are throwing out old assumptions about DOGE's potential peak. Peter Thiel credited Elon Musk with helping other tech leaders feel safe supporting Donald Trump.Getty Images
<ul><li>Peter Thiel attributed recent Trump support in Silicon Valley, in part, to Elon … [+3597 chars]",peter thiel say elon musk embrace donald trump helped silicon valley leader feel safe supporting dogecoin could soar beyond current high price analyst billionaire peter thiel credited elon musk public support donald trump helping tech leader feel safe embracing dogecoin reaching new level political cultural relevance expert throwing old assumption doge potential peak peter thiel credited elon musk helping tech leader feel safe supporting donald image ul li peter thiel attributed recent trump support silicon valley part elon char,0.9825,Positive,2024,11,4,5.0,0,320.7200012207031,320.7200012207031,320.7200012207031,320.7200012207031,322.35849609375,15.459991455078123,0.0,1,0,303.46919830322264,303.8797889800828,316.1430913306034,290.7953052758419,33.35666611535855,15.459991455078123,3.959991455078125,11.5,15.459991455078123,16.842139107840403,0.0,0.0183655642116252,320.7200012207031,0.0,0
1487,2024-11-15 05:00:00,310.57000732421875,324.67999267578125,309.2200012207031,320.7200012207031,114128900.0,0.0,0.0,TSLA,2024-11-15,05:00:00,94.0,Tesla,2024-11-15 03:58:01,Erin Snodgrass,https://www.businessinsider.com/peter-thiel-elon-musk-turn-donald-trump-other-tech-ceos-2024-11,Peter Thiel says Elon Musk's embrace of Donald Trump helped other Silicon Valley leaders feel safe supporting him,Billionaire Peter Thiel credited Elon Musk's public support of Donald Trump with helping other tech leaders feel safe embracing the president-elect.,"Peter Thiel credited Elon Musk with helping other tech leaders feel safe supporting Donald Trump.Getty Images
<ul><li>Peter Thiel attributed recent Trump support in Silicon Valley, in part, to Elon … [+3597 chars]",03:58:01,240.0,Magna Shares Rise 12% Since Q3 Earnings Miss Expectations,Zacks Commentary,"MGA reports lower-than-expected Q3 results and expects 2024 revenues in the band of $42.2-$43.2 billion, down from $42.5-$44.1 billion guided earlier.",https://www.zacks.com/stock/news/2371128/magna-shares-rise-12-since-q3-earnings-miss-expectations,2024-11-17 07:48:36.045229,0.1531,0.9042,"Peter Thiel says Elon Musk's embrace of Donald Trump helped other Silicon Valley leaders feel safe supporting him Magna Shares Rise 12% Since Q3 Earnings Miss Expectations Billionaire Peter Thiel credited Elon Musk's public support of Donald Trump with helping other tech leaders feel safe embracing the president-elect. MGA reports lower-than-expected Q3 results and expects 2024 revenues in the band of $42.2-$43.2 billion, down from $42.5-$44.1 billion guided earlier. Peter Thiel credited Elon Musk with helping other tech leaders feel safe supporting Donald Trump.Getty Images
<ul><li>Peter Thiel attributed recent Trump support in Silicon Valley, in part, to Elon … [+3597 chars]",peter thiel say elon musk embrace donald trump helped silicon valley leader feel safe supporting magna share rise since earnings miss expectation billionaire peter thiel credited elon musk public support donald trump helping tech leader feel safe embracing mga report result expects revenue band billion billion guided earlier peter thiel credited elon musk helping tech leader feel safe supporting donald image ul li peter thiel attributed recent trump support silicon valley part elon char,0.9821,Positive,2024,11,4,5.0,0,320.7200012207031,320.7200012207031,320.7200012207031,320.7200012207031,321.9699966430664,15.459991455078123,0.0,1,0,304.7325985717773,304.5401894601072,317.0874547644178,292.3777423791368,33.35666611535855,15.459991455078123,3.959991455078125,11.5,15.459991455078123,16.367852347237722,0.0,0.0183655642116252,320.7200012207031,0.0,0
1488,2024-11-15 05:00:00,310.57000732421875,324.67999267578125,309.2200012207031,320.7200012207031,114128900.0,0.0,0.0,TSLA,2024-11-15,05:00:00,94.0,Tesla,2024-11-15 03:58:01,Erin Snodgrass,https://www.businessinsider.com/peter-thiel-elon-musk-turn-donald-trump-other-tech-ceos-2024-11,Peter Thiel says Elon Musk's embrace of Donald Trump helped other Silicon Valley leaders feel safe supporting him,Billionaire Peter Thiel credited Elon Musk's public support of Donald Trump with helping other tech leaders feel safe embracing the president-elect.,"Peter Thiel credited Elon Musk with helping other tech leaders feel safe supporting Donald Trump.Getty Images
<ul><li>Peter Thiel attributed recent Trump support in Silicon Valley, in part, to Elon … [+3597 chars]",03:58:01,241.0,"These 3 Quarterly Reports Positively Shocked Investors: TSLA, MU, ANET",Zacks Commentary,"The 2024 Q3 earnings cycle is nearing its end, with a handful of S&P 500 companies remaining to report quarterly results. Throughout the period, these three quarterly releases stole the spotlight.",https://www.zacks.com/commentary/2370729/these-3-quarterly-reports-positively-shocked-investors-tsla-mu-anet,2024-11-17 07:48:36.045229,0.2732,0.9042,"Peter Thiel says Elon Musk's embrace of Donald Trump helped other Silicon Valley leaders feel safe supporting him These 3 Quarterly Reports Positively Shocked Investors: TSLA, MU, ANET Billionaire Peter Thiel credited Elon Musk's public support of Donald Trump with helping other tech leaders feel safe embracing the president-elect. The 2024 Q3 earnings cycle is nearing its end, with a handful of S&P 500 companies remaining to report quarterly results. Throughout the period, these three quarterly releases stole the spotlight. Peter Thiel credited Elon Musk with helping other tech leaders feel safe supporting Donald Trump.Getty Images
<ul><li>Peter Thiel attributed recent Trump support in Silicon Valley, in part, to Elon … [+3597 chars]",peter thiel say elon musk embrace donald trump helped silicon valley leader feel safe supporting quarterly report positively shocked investor tsla mu anet billionaire peter thiel credited elon musk public support donald trump helping tech leader feel safe embracing earnings cycle nearing end handful p company remaining report quarterly result throughout period three quarterly release stole spotlight peter thiel credited elon musk helping tech leader feel safe supporting donald image ul li peter thiel attributed recent trump support silicon valley part elon char,0.9829,Positive,2024,11,4,5.0,0,320.7200012207031,320.7200012207031,320.7200012207031,320.7200012207031,321.5814971923828,15.459991455078123,0.0,1,0,305.99599884033205,305.17469188209134,317.9704037852708,294.0215938953933,100.0,15.459991455078123,3.959991455078125,11.5,15.459991455078123,16.052852085658483,0.0,0.0080704804499743,320.7200012207031,0.0,0
1489,2024-11-15 05:00:00,310.57000732421875,324.67999267578125,309.2200012207031,320.7200012207031,114128900.0,0.0,0.0,TSLA,2024-11-15,05:00:00,94.0,Tesla,2024-11-15 03:58:01,Erin Snodgrass,https://www.businessinsider.com/peter-thiel-elon-musk-turn-donald-trump-other-tech-ceos-2024-11,Peter Thiel says Elon Musk's embrace of Donald Trump helped other Silicon Valley leaders feel safe supporting him,Billionaire Peter Thiel credited Elon Musk's public support of Donald Trump with helping other tech leaders feel safe embracing the president-elect.,"Peter Thiel credited Elon Musk with helping other tech leaders feel safe supporting Donald Trump.Getty Images
<ul><li>Peter Thiel attributed recent Trump support in Silicon Valley, in part, to Elon … [+3597 chars]",03:58:01,242.0,"Westport Q3 Earnings Beat Expectations, Revenues Decline Y/Y",Zacks Commentary,WPRT incurs narrower-than-expected Q3 loss while revenues miss the Zacks Consensus Estimate.,https://www.zacks.com/stock/news/2371101/westport-q3-earnings-beat-expectations-revenues-decline-yy,2024-11-17 07:48:36.045229,0.0,0.9042,"Peter Thiel says Elon Musk's embrace of Donald Trump helped other Silicon Valley leaders feel safe supporting him Westport Q3 Earnings Beat Expectations, Revenues Decline Y/Y Billionaire Peter Thiel credited Elon Musk's public support of Donald Trump with helping other tech leaders feel safe embracing the president-elect. WPRT incurs narrower-than-expected Q3 loss while revenues miss the Zacks Consensus Estimate. Peter Thiel credited Elon Musk with helping other tech leaders feel safe supporting Donald Trump.Getty Images
<ul><li>Peter Thiel attributed recent Trump support in Silicon Valley, in part, to Elon … [+3597 chars]",peter thiel say elon musk embrace donald trump helped silicon valley leader feel safe supporting westport earnings beat expectation revenue decline billionaire peter thiel credited elon musk public support donald trump helping tech leader feel safe embracing wprt incurs loss revenue miss zacks consensus estimate peter thiel credited elon musk helping tech leader feel safe supporting donald image ul li peter thiel attributed recent trump support silicon valley part elon char,0.9769,Positive,2024,11,4,5.0,0,320.7200012207031,320.7200012207031,320.7200012207031,320.7200012207031,321.19299774169923,15.459991455078123,0.0,1,0,307.4133987426758,305.78431185615455,318.9398583553725,295.88693912997905,100.0,15.459991455078123,3.959991455078125,11.5,15.459991455078123,15.756421770368304,0.0,0.0080704804499743,320.7200012207031,0.0,0
1490,2024-11-15 05:00:00,310.57000732421875,324.67999267578125,309.2200012207031,320.7200012207031,114128900.0,0.0,0.0,TSLA,2024-11-15,05:00:00,94.0,Tesla,2024-11-15 03:58:01,Erin Snodgrass,https://www.businessinsider.com/peter-thiel-elon-musk-turn-donald-trump-other-tech-ceos-2024-11,Peter Thiel says Elon Musk's embrace of Donald Trump helped other Silicon Valley leaders feel safe supporting him,Billionaire Peter Thiel credited Elon Musk's public support of Donald Trump with helping other tech leaders feel safe embracing the president-elect.,"Peter Thiel credited Elon Musk with helping other tech leaders feel safe supporting Donald Trump.Getty Images
<ul><li>Peter Thiel attributed recent Trump support in Silicon Valley, in part, to Elon … [+3597 chars]",03:58:01,243.0,"Market Clubhouse Morning Memo - November 15th, 2024  ( Trade Strategy For SPY, QQQ, AAPL, MSFT, NVDA, GOOGL, META And TSLA )  - Invesco QQQ Trust, Series 1  ( NASDAQ:QQQ ) ",Benzinga,"Good Morning Traders! In today's Market Clubhouse Morning Memo, we will discuss SPY, QQQ, AAPL, MSFT, NVDA, GOOGL, META, and TSLA. Our proprietary formula, exclusive to Market Clubhouse, dictates these price levels. This dynamic equation takes into account price, volume, and options flow.",https://www.benzinga.com/24/11/42010295/market-clubhouse-morning-memo-november-15th-2024-trade-strategy-for-spy-qqq-aapl-msft-nvda-googl-met,2024-11-17 07:48:36.045229,0.5106,0.9042,"Peter Thiel says Elon Musk's embrace of Donald Trump helped other Silicon Valley leaders feel safe supporting him Market Clubhouse Morning Memo - November 15th, 2024  ( Trade Strategy For SPY, QQQ, AAPL, MSFT, NVDA, GOOGL, META And TSLA )  - Invesco QQQ Trust, Series 1  ( NASDAQ:QQQ )  Billionaire Peter Thiel credited Elon Musk's public support of Donald Trump with helping other tech leaders feel safe embracing the president-elect. Good Morning Traders! In today's Market Clubhouse Morning Memo, we will discuss SPY, QQQ, AAPL, MSFT, NVDA, GOOGL, META, and TSLA. Our proprietary formula, exclusive to Market Clubhouse, dictates these price levels. This dynamic equation takes into account price, volume, and options flow. Peter Thiel credited Elon Musk with helping other tech leaders feel safe supporting Donald Trump.Getty Images
<ul><li>Peter Thiel attributed recent Trump support in Silicon Valley, in part, to Elon … [+3597 chars]",peter thiel say elon musk embrace donald trump helped silicon valley leader feel safe supporting market clubhouse morning memo november trade strategy spy qqq aapl msft nvda googl meta tsla invesco qqq trust series nasdaq qqq billionaire peter thiel credited elon musk public support donald trump helping tech leader feel safe embracing good morning trader today market clubhouse morning memo discus spy qqq aapl msft nvda googl meta tsla proprietary formula exclusive market clubhouse dictate price level dynamic equation take account price volume option flow peter thiel credited elon musk helping tech leader feel safe supporting donald image ul li peter thiel attributed recent trump support silicon valley part elon char,0.989,Positive,2024,11,4,5.0,0,320.7200012207031,320.7200012207031,320.7200012207031,320.7200012207031,320.7169982910156,15.459991455078123,0.0,1,0,308.8307986450195,306.37002516456823,319.5415967500327,298.12000054000634,100.0,15.459991455078123,3.959991455078125,11.5,15.459991455078123,15.459991455078123,0.0,0.0080704804499743,320.7200012207031,0.0,0
